[
  {
    "name": "Kariakoo Market",
    "city": "Dar es Salaam",
    "specialties": ["fruits", "vegetables", "clothing"],
    "opening_hours": "Daily, 6am - 6pm",
    "lat": -6.8156,
    "lng": 39.2803
  },
  {
    "name": "Mwenge Market",
    "city": "Dar es Salaam",
    "specialties": ["wood crafts", "art", "souvenirs"],
    "opening_hours": "Daily, 8am - 7pm",
    "lat": -6.7699,
    "lng": 39.2302
  },
  {
    "name": "Arusha Central Market",
    "city": "Arusha",
    "specialties": ["maize", "beans", "spices"],
    "opening_hours": "Mon-Sat, 7am - 5pm",
    "lat": -3.3667,
    "lng": 36.6833
  }
]